"json_file","key","english","af","cn","hi","id","ja","ko","pl","ru","tr"
"mining-view.json","floor","Floor","Vloer","地板","न्यूनतम स्तर","Batas Bawah","フロア","최저값","Poziom","Минимум","Zemin"
"mining-view.json","current-block-time","Current block time","Huidige bloktyd","当前区块时间","वर्तमान ब्लॉक समय","Waktu blok saat ini","現在のブロック時間","현재 블록 시간","Aktualny czas bloku","Текущее время блока","Geçerli blok zamanı"
"mining-view.json","your-reward-is","Your reward is","Jou beloning is","你的奖励是","आपका इनाम है","Hadiah Anda adalah","あなたの報酬は","당신의 보상은","Twoja nagroda wynosi","Ваше вознаграждение","Ödülünüz"
"mining-view.json","connection-to-node-lost","Connection to miner lost. Please wait for the miner to reconnect or restart the miner.","Kontak met mynwerker verloor. Wag asseblief vir mynwerker om kontak te maak of begin weer.","与矿工的连接丢失。请等待矿机重新连接或重启矿机.","माइनर से कनेक्शन खो गया। कृपया माइनर के पुनः कनेक्ट होने या पुनः आरंभ करने की प्रतीक्षा करें।","Koneksi ke penambang terputus. Harap tunggu penambang untuk menyambung kembali atau mulai ulang penambang.","マイナーへの接続が失われました。マイナーが再接続するか、再起動するのをお待ちください。","마이너와의 연결이 끊어졌습니다. 마이너가 다시 연결되거나 재시작될 때까지 기다려주세요.","Połączenie z węzłem kopania zostało utracone. Poczekaj, aż wznowi połącznie lub uruchom go ponownie.","Соединение с майнером потеряно. Пожалуйста, подождите, пока майнер переподключится, или перезапустите его.","Madenciyle bağlantı kesildi. Lütfen madencinin yeniden bağlanmasını bekleyin veya madenciyi yeniden başlatın."
"mining-view.json","mining-button-text.starting-mining","Starting Mining","Myn begin","开始挖矿","माइनिंग शुरू हो रही है","Memulai Penambangan","マイニング開始","채굴 시작 중","Uruchamianie kopania","Запуск майнинга","Madenci Başlatılıyor"
"mining-view.json","mining-button-text.start-mining","Start Mining","Begin myn","开始挖矿","माइनिंग शुरू करें","Mulai Menambang","マイニングを開始","채굴 시작","Uruchom kopanie","Начать майнинг","Madenciyi Başlat"
"mining-view.json","mining-button-text.stop-mining","Stop Mining","Stop Mynbou","停止挖矿","माइनिंग रोकें","Hentikan Penambangan","マイニングを停止","채굴 중지","Zatrzymaj kopanie","Остановить майнинг","Madenciliği Durdur"
"mining-view.json","mining-button-text.changing-mode","Changing mode","Verander modus","更改模式","मोड बदल रहा है","Mengubah mode","モードを変更中","모드 변경 중","Zmiana trybu","Изменение режима","Mod değiştirme"
"mining-view.json","mining-button-text.cancel-mining","Cancel Mining","Kanselleer myn","取消挖矿","माइनिंग रद्द करें","Batalkan Penambangan","マイニングをキャンセル","채굴 취소","Anuluj kopanie","Отмена майнинга","Madenciyi İptal Et"
"mining-view.json","mining-button-text.waiting-for-idle","Waiting for Idle","Wag tot onaktief","等待空闲","निष्क्रिय होने की प्रतीक्षा","Menunggu Tidak Aktif","アイドル待機中","유휴 상태 대기 중","Oczekiwanie na bezczynność","Ожидание простоя","Boşta Bekliyor"
"mining-view.json","mining-button-text.started-auto-mining","Auto Mining Started","Outomatiese myn het begin","自动挖矿开始","स्वचालित माइनिंग शुरू हुई","Penambangan Otomatis Dimulai","自動マイニング開始","자동 채굴 시작됨","Automatyczne kopanie uruchomione","Авто-майнинг запущен","Otomatik Madencilik Başladı"
"sidebar.json","auto-miner","Auto Miner","Outomatiese mynwerker","自动采矿机","स्वचालित माइनर","Penambang Otomatis","自動マイナー","자동 마이너","Automatyczne kopanie","Авто-майнер","Otomatik Madenci"
"sidebar.json","auto-miner-description","Auto miner will turn on your miner when your machine is idle","Outomatiese mynwerker sal aanskakel wanneer jou masjien onaktief is","当您的机器闲置时，自动矿机将打开您的矿机","स्वचालित माइनर आपके माइनर को चालू करेगा जब आपकी मशीन निष्क्रिय होगी","Penambang otomatis akan menghidupkan penambang Anda saat mesin Anda tidak aktif","自動マイナーは、マシンがアイドル状態のときにマイナーを起動します","자동 마이너는 기기가 유휴 상태일 때 마이너를 켭니다","Automatyczne kopanie włączy koparkę, gdy twoje urządzenie będzie bezczynne","Авто-майнер включит ваш майнер, когда ваш компьютер будет в простое","Otomatik madenci, makineniz boştayken madencinizi açacaktır"
"sidebar.json","next-milestone","Next Milestone","Volgende mylpaal","下一个里程碑","अगला मील का पत्थर","Tonggak Berikutnya","次のマイルストーン","다음 이정표","Następny kamień milowy","Следующий этап","Sonraki Dönüm Noktası"
"sidebar.json","wallet-balance","Wallet Balance","Beursie balans","钱包余额","वॉलेट शेष","Saldo Dompet","ウォレット残高","지갑 잔액","Saldo portfela","Баланс кошелька","Cüzdan Bakiyesi"
"sidebar.json","setup-scheduler","Setup Scheduler","Stel skeduleerder op","安装计划程序","शेड्यूलर सेटअप करें","Atur Penjadwal","スケジューラの設定","스케줄러 설정","Ustawienia harmonogramu","Настройка планировщика","Kurulum Planlayıcısı"
"sidebar.json","mining-schedules","Mining Schedules","Mynskedules","采矿时间表","माइनिंग अनुसूचियाँ","Jadwal Penambangan","マイニングスケジュール","채굴 일정","Ustaw twój harmonogram kopania","Графики майнинга","Madencilik Planları"
"sidebar.json","mining-schedules-description","Schedule your mining activity","Skeduleer jou myn-aktiwiteit","安排您的采矿活动","अपनी माइनिंग गतिविधि का समय निर्धारित करें","Jadwalkan aktivitas penambangan Anda","マイニング活動をスケジュールする","채굴 활동을 예약하세요","Zaplanuj swoją aktywność wydobywczą","Запланируйте вашу майнинговую активность","Madencilik faaliyetinizi planlayın"
"sidebar.json","lost-connection","Lost connection to the Tari Network. Reconnecting..","Lost connection to the Tari Network. Reconnecting..","Lost connection to the Tari Network. Reconnecting..","Tari नेटवर्क से कनेक्शन खो गया। पुनः कनेक्ट हो रहा है..","Koneksi ke Jaringan Tari terputus. Menyambung kembali..","Tariネットワークへの接続が失われました。再接続中..","Tari 네트워크와의 연결이 끊어졌습니다. 다시 연결 중..","Utracono połączenie z siecią Tari. Łączenie..","Потеряно соединение с сетью Tari. Переподключение..","Lost connection to the Tari Network. Reconnecting.."
"settings.json","settings","Settings","Instellings","设置","सेटिंग्स","Pengaturan","設定","설정","Ustawienia","Настройки","Ayarlar"
"settings.json","seed-words","Seed words","Saadwoorde","种子词","बीज शब्द","Kata-kata benih","シードワード","시드 단어","Słowa kluczowe","Секретные слова","Seed Kelimeleri"
"settings.json","send-logs","Submit an Issue & Logs","Stuur logs","发送日志","लॉग्स भेजें","Kirim log","ログを送信","로그 전송","Wyślij logi","Отправить логи","Günlüğü gönder"
"settings.json","your-feedback","Please describe your issue","Beskryf asseblief u probleem","请描述您的问题","कृपया अपनी समस्या का वर्णन करें","Silakan jelaskan masalah Anda","問題を説明してください","문제를 설명해 주세요","Proszę opisać swój problem","Пожалуйста, опишите вашу проблему","Lütfen sorununuzu açıklayın"
"settings.json","feedback-required","Feedback is required","Terugvoer is vereis","反馈是必需的","प्रतिक्रिया आवश्यक है","Umpan balik diperlukan","フィードバックが必要です","피드백이 필요합니다","Wymagana jest opinia","Требуется обратная связь","Geri bildirim gereklidir"
"settings.json","your-reference","Your reference:<br/><bold>{{logRef}}</bold>","U verwysing","您的参考","आपका संदर्भ","Referensi Anda","あなたの参照","귀하의 참조","Twoje odniesienie","Ваша ссылка","Referansınız"
"settings.json","change-language","Language","Verander taal","更改语言","भाषा","Bahasa","言語","언어","Zmień język","Язык","Dil Değiştir"
"settings.json","logs","Logs","Verslae","日志","लॉग्स","Log","ログ","로그","Logi","Логи","Günlükler"
"settings.json","open-logs-directory","Open logs directory","Maak verslag lêer oop","打开日志目录","लॉग्स निर्देशिका खोलें","Buka direktori log","ログディレクトリを開く","로그 디렉토리 열기","Otwórz katalog logów","Открыть папку с логами","Günlükler dizinini açın"
"settings.json","debug-info","Debug","Ontfoutingsinligting","调试信息","डीबग","Debug","デバッグ","디버그","Informacje debugowania","Отладка","Hata Ayıklama"
"settings.json","hardware-status","Hardware status","Hardeware status","硬件状态","हार्डवेयर स्थिति","Status perangkat keras","ハードウェアの状態","하드웨어 상태","Status sprzętu","Состояние оборудования","Donanım durumu"
"settings.json","update-versions","Update versions","Opdateer weergawes","更新版本","संस्करण अपडेट करें","Perbarui versi","バージョンを更新","버전 업데이트","Aktualizuj wersje","Обновить версии","Güncelleme sürümleri"
"settings.json","refresh-versions","Refresh versions","Verfris weergawes","刷新版本","संस्करण ताज़ा करें","Segarkan versi","バージョンを更新","버전 새로고침","Odśwież wersje","Обновить версии","Sürümleri yenileyin"
"settings.json","idle-timeout.title","Time after which machine is considered idle","Tyd waarna masjien as onaktief beskou word","机器被视为空闲的时间","समय जिसके बाद मशीन को निष्क्रिय माना जाता है","Waktu setelah mesin dianggap tidak aktif","マシンがアイドルと見なされるまでの時間","기기가 유휴 상태로 간주되는 시간","Czas po którym urządzenie jest uważane za bezczynne","Время, после которого машина считается в простое","Makinenin boşta sayılacağı süre"
"settings.json","idle-timeout.placeholder","Enter idle timeout in seconds","Voer onaktiwiteitstyd in sekondes in","输入空闲超时时间（秒）","सेकंड में निष्क्रिय समय सीमा दर्ज करें","Masukkan batas waktu tidak aktif dalam detik","アイドルタイムアウトを秒で入力","유휴 시간 초 단위로 입력","Wprowadź czas bezczynności w sekundach","Введите время простоя в секундах","Boşta kalma zaman aşımını saniye cinsinden girin"
"settings.json","idle-timeout.max","Maximum is 21600 seconds","Maksimum is 21600 sekondes","最大值为 21600 秒","अधिकतम 21600 सेकंड है","Maksimum adalah 21600 detik","最大は21600秒","최대 21600초","Maksymalny czas to 21600 sekund","Максимум 21600 секунд","Maks. 21600 saniye"
"settings.json","idle-timeout.min","Minimum is 1 second","Minimum is 1 sekonde","最小值为 1 秒","न्यूनतम 1 सेकंड है","Minimum adalah 1 detik","最小は1秒","최소 1초","Minimalny czas to 1 sekunda","Минимум 1 секунда","Min. 1 saniye"
"settings.json","tabs.general","General","Algemeen","常规","सामान्य","Umum","一般","일반","Ogólne","Общие","Genel"
"settings.json","tabs.mining","Mining","Mynbou","挖矿","माइनिंग","Penambangan","マイニング","채굴","Wydobycie","Майнинг","Madencilik"
"settings.json","tabs.experimental","Experimental","Eksperimenteel","实验性","प्रायोगिक","Eksperimental","実験的","실험적","Eksperymentalne","Экспериментальные","Deneysel"
"settings.json","monero-address.title","Monero address","Monero-adres","Monero 地址","मोनरो पता","Alamat Monero","Moneroアドレス","모네로 주소","Address Monero","Адрес Monero","Monero Adresi"
"settings.json","monero-address.placeholder","Enter Monero address","Voer Monero-adres in","输入 Monero 地址","मोनरो पता दर्ज करें","Masukkan alamat Monero","Moneroアドレスを入力","모네로 주소 입력","Wprowadź address Monero","Введите адрес Monero","Monero adresini girin"
"settings.json","last-block-added-time","Last block added to chain time","Tyd toe laaste blok by ketting gevoeg was","最后添加到链的块时间","श्रृंखला में जोड़ा गया अंतिम ब्लॉक समय","Waktu blok terakhir ditambahkan ke rantai","最後のブロックがチェーンに追加された時間","마지막 블록 체인 추가 시간","Czas dodania ostatniego bloku do łańcucha","Время добавления последнего блока в цепь","Zincir zamanına eklenen son blok"
"settings.json","visual-mode","Visual mode","Visuele modus","视觉模式","दृश्य मोड","Mode visual","ビジュアルモード","시각 모드","Tryb wizualny","Визуальный режим","Görsel mod"
"settings.json","pool-mining","Pool Mining","Poel Mynbou","矿池挖矿","पूल माइनिंग","Penambangan Pool","プールマイニング","풀 채굴","Pool Mining","Майнинг в пуле","Havuz Madenciliği"
"settings.json","pool-mining-description","When enabled, you will mine in a pool and join a group of miners.","Wanneer geaktiveer, sal u in ""n poel myn en by ""n groep mynwerkers aansluit.","启用后，您将在矿池中挖矿并加入一组矿工（部落）。","सक्षम होने पर, आप एक पूल में माइन करेंगे और माइनर्स के समूह में शामिल होंगे।","Ketika diaktifkan, Anda akan menambang dalam pool dan bergabung dengan kelompok penambang.","有効にすると、プールでマイニングし、マイナーのグループに参加します。","활성화되면 풀에서 채굴하고 마이너 그룹에 참여합니다.","Po włączeniu tej opcji będziesz wydobywać w puli i dołączać do grupy górników (plemienia).","При включении вы будете майнить в пуле и присоединитесь к группе майнеров.","Etkinleştirildiğinde, bir havuzda madencilik yapacak ve bir grup madenciye (kabileye) katılacaksınız."
"settings.json","cpu-mining-enabled","CPU Mining","SVE Mynbou","CPU 挖矿","सीपीयू माइनिंग","Penambangan CPU","CPUマイニング","CPU 채굴","Wydobycie CPU","Майнинг на CPU","CPU Madenciliği"
"settings.json","gpu-mining-enabled","GPU Mining","GPU Mynbou","GPU 挖矿","जीपीयू माइनिंग","Penambangan GPU","GPUマイニング","GPU 채굴","Wydobycie GPU","Майнинг на GPU","GPU Madenciliği"
"settings.json","gpu-unavailable","⚠️ GPU disabled because your hardware does not support it","⚠️ GPU gedeaktiveer omdat jou hardeware dit nie ondersteun nie","⚠️ GPU已禁用，因为您的硬件不支持","⚠️ जीपीयू अक्षम है क्योंकि आपका हार्डवेयर इसे समर्थन नहीं करता","⚠️ GPU dinonaktifkan karena perangkat keras Anda tidak mendukungnya","⚠️ ハードウェアがサポートしていないため、GPUが無効です","⚠️ 하드웨어가 지원하지 않아 GPU가 비활성화되었습니다","⚠️ Kopanie GPU niedostępne ponieważ Twój sprzęt go nie obsługuje","⚠️ GPU отключен, так как ваше оборудование не поддерживает его","⚠️ Donanımınız desteklemediği için GPU devre dışı bırakıldı"
"settings.json","p2pool-stats","Squad Stats","Spanstatistieke","P2Pool 状态","स्क्वाड आँकड़े","Statistik Squad","スクワッド統計","스쿼드 통계","Statystyki zespołu","Статистика команды","P2Pool İstatistikleri"
"settings.json","tribe","Squad","Span","部落","स्क्वाड","Squad","スクワッド","스쿼드","Zespół","Команда","Kabile"
"settings.json","miners","Miners","Mynwerkers","矿工","माइनर्स","Penambang","マイナー","마이너","Górnicy","Майнеры","Madenciler"
"settings.json","mining-toggle-warning","Mining will be paused while the changes take effect.","Mynbou sal gepauseer word terwyl die veranderinge in werking tree.","更改生效时，挖矿将暂停。","परिवर्तनों के प्रभावी होने के दौरान माइनिंग रोक दी जाएगी।","Penambangan akan dijeda saat perubahan diterapkan.","変更が適用される間、マイニングは一時停止されます。","변경 사항이 적용되는 동안 채굴이 일시 중지됩니다.","Wydobycie zostanie wstrzymane, gdy zmiany wejdą w życie.","Майнинг будет приостановлен, пока изменения вступят в силу.","Değişiklikler etkili olana kadar madencilik duraklatılacak."
"settings.json","tribe-earnings","Squad earnings","Spanverdienste","部落收入","स्क्वाड कमाई","Pendapatan Squad","スクワッドの収益","스쿼드 수익","Zarobki zespołu","Доход команды","Kabile kazançları"
"settings.json","tribe-pool-height","Squad height","Spanhoogte","矿池高度","स्क्वाड ऊँचाई","Tinggi Squad","スクワッドの高さ","스쿼드 높이","Wysokość zespołu","Высота команды","Havuz yüksekliği"
"settings.json","p2pool-hash-rate","Squad hash rates","Span hash-tariewe","矿池哈希率","स्क्वाड हैश दरें","Tingkat hash Squad","スクワッドのハッシュレート","스쿼드 해시레이트","Wskaźniki hashowania zespołu","Хэшрейт команды","Havuz hash oranları"
"settings.json","p2pool-total-earnings","Squad total earnings","Span totale verdienste","矿池总收益","स्क्वाड कुल कमाई","Total pendapatan Squad","スクワッドの総収益","스쿼드 총 수익","Całkowite zarobki zespołu","Общий доход команды","Toplam havuz kazançları"
"settings.json","p2pool-chain-tip","Tip of chains","Punt van kettings","链尖端","श्रृंखलाओं की नोक","Ujung rantai","チェーンの先端","체인의 끝","Wierzchołek łańcuchów","Конец цепей","Zincir ucu"
"settings.json","p2pool-user-total-earnings","Total earnings","Totale verdienste","总收入","कुल कमाई","Total pendapatan","総収益","총 수익","Całkowite zarobki","Общий доход","Toplam kazançlar"
"settings.json","yes","Yes","","是","हाँ","Ya","はい","예","Tak","Да","Evet"
"settings.json","cancel","Cancel","","取消","रद्द करें","Batal","キャンセル","취소","Anuluj","Отмена","İptal"
"settings.json","reset-settings","Reset Settings","Reset Settings","重置设置","सेटिंग्स रीसेट करें","Atur Ulang Pengaturan","設定をリセット","설정 초기화","Resetuj ustawienia","Сбросить настройки","Ayarları sıfırla"
"settings.json","reset-permanently","Are you sure you want to reset all settings permanently?","Are you sure you want to reset all settings permanently?","您确定要永久重置所有设置吗？","क्या आप वाकई सभी सेटिंग्स को स्थायी रूप से रीसेट करना चाहते हैं?","Apakah Anda yakin ingin mengatur ulang semua pengaturan secara permanen?","すべての設定を永久にリセットしてもよろしいですか？","모든 설정을 영구적으로 초기화하시겠습니까?","Czy na pewno chcesz trwale zresetować ustawienia?","Вы уверены, что хотите сбросить все настройки навсегда?","Tüm ayarları kalıcı olarak sıfırlamak istediğinizden emin misiniz?"
"settings.json","reset-wallet","Reset wallet","Reset wallet","Reset wallet","वॉलेट रीसेट करें","Atur ulang dompet","ウォレットをリセット","지갑 초기화","Resetuj porfel","Сбросить кошелек","Reset wallet"
"settings.json","experimental-title","Experimental Features","Eksperimentele Kenmerke","实验性功能","प्रायोगिक विशेषताएँ","Fitur Eksperimental","実験的機能","실험적 기능","Funkcje eksperymentalne","Экспериментальные функции","Deneysel Özellikler"
"settings.json","experimental-warning","⚠️ Warning: These features are under active development and could behave unpredictably. Please proceed carefully.","⚠️ Waarskuwing: Hierdie kenmerke is onder aktiewe ontwikkeling en kan onvoorspelbaar optree. Gaan asseblief versigtig voort.","⚠️ 警告：这些功能正在积极开发中，可能会表现得不可预测。请谨慎操作。","⚠️ चेतावनी: ये विशेषताएँ सक्रिय विकास में हैं और अप्रत्याशित रूप से व्यवहार कर सकती हैं। कृपया सावधानी से आगे बढ़ें।","⚠️ Peringatan: Fitur-fitur ini sedang dalam pengembangan aktif dan dapat berperilaku tidak terduga. Harap lanjutkan dengan hati-hati.","⚠️ 警告: これらの機能は開発中であり、予測不可能な動作をする可能性があります。慎重に進めてください。","⚠️ 경고: 이 기능들은 활발히 개발 중이며 예측할 수 없는 동작을 할 수 있습니다. 주의해서 진행하세요.","⚠️ Ostrzeżenie: Te funkcje są w trakcie aktywnego rozwoju i mogą działać nieprzewidywalnie. Proszę postępować ostrożnie.","⚠️ Внимание: Эти функции находятся в активной разработке и могут работать непредсказуемо. Пожалуйста, будьте осторожны.","⚠️ Uyarı: Bu özellikler aktif geliştirme aşamasındadır ve öngörülemeyen şekilde davranabilir. Lütfen dikkatlice ilerleyin."
"settings.json","connected-to-tari","Connected to the Tari Network","Connected to the Tari Network","Connected to the Tari Network","Tari नेटवर्क से जुड़ा","Terhubung ke Jaringan Tari","Tariネットワークに接続されています","Tari 네트워크에 연결됨","Połączono z siecią Tari","Подключено к сети Tari","Connected to the Tari Network"
"settings.json","not-connected-to-tari","Not connected to the Tari Network","Not connected to the Tari Network","Not connected to the Tari Network","Tari नेटवर्क से जुड़ा नहीं","Tidak terhubung ke Jaringan Tari","Tariネットワークに接続されていません","Tari 네트워크에 연결되지 않음","Nie połączono z siecią Tari","Не подключено к сети Tari","Not connected to the Tari Network"
"settings.json","connected-peers","Connected Peers","Connected Peers","Connected Peers","जुड़े हुए सहकर्मी","Rekan Terhubung","接続されたピア","연결된 피어","Połączone węzły","Подключенные узлы","Connected Peers"
"settings.json","should-use-system-language","Use system language","Use system language","Use system language","सिस्टम भाषा का उपयोग करें","Gunakan bahasa sistem","システム言語を使用","시스템 언어 사용","Use system language","Использовать системный язык","Use system language"
"common.json","submit","Submit","Dien in","提交","प्रस्तुत करें","Kirim","送信","제출","Wyślij","Отправить","Onayla"
"common.json","cancel","Cancel","Kanselleer","取消","रद्द करें","Batal","キャンセル","취소","Anuluj","Отмена","İptal"
"common.json","temperature","Temperature","Temperatuur","温度","तापमान","Suhu","温度","온도","Temperatura","Температура","Sıcaklık"
"common.json","max-temperature","Max temperature","Maksimum temperatuur","最高温度","अधिकतम तापमान","Suhu maksimum","最大温度","최대 온도","Maksymalna temperatura","Максимальная температура","Maks. Sıcaklık"
"common.json","usage","Usage","Gebruik","使用","उपयोग","Penggunaan","使用量","사용량","Użycie","Использование","Kullanım"
"common.json","seconds","seconds","Sekondes","片刻","सेकंड","detik","秒","초","sekundy","секунды","saniye"
"common.json","copied","Copied","Gekopieer","复制","प्रतिलिपि बनाई गई","Disalin","コピーされました","복사됨","Skopiowano","Скопировано","Kopyalandı"
"common.json","unknown","Unknown","Onbekend","未知","अज्ञात","Tidak diketahui","不明","알 수 없음","Nieznany","Неизвестно","Bilinmeyen"
"common.json","versions","Versions","Weergawes","版本","संस्करण","Versi","バージョン","버전","Wersje","Версии","Versiyon"
"common.json","version","Version","Weergawe","版本","संस्करण","Versi","バージョン","버전","Wersja","Версия","Versiyon"
"common.json","resources","Resources","Hulpbronne","资源","संसाधन","Sumber daya","リソース","자원","Zasoby","Ресурсы","Kaynaklar"
"common.json","hashrate","Hashrate","Hashtempo","哈希率","हैश दर","Hashrate","ハッシュレート","해시레이트","Prędkość ( hashrate )","Хэшрейт","Hashrate"
"common.json","utilization","Utilization","Benutting","利用率","उपयोग","Pemanfaatan","利用率","활용도","Wykorzystanie","Использование","Fayda"
"common.json","mode","Mode","Modus","模式","मोड","Mode","モード","모드","Tryb","Режим","Mode"
"common.json","day","Day","Dag","天","दिन","Hari","日","일","Dzień","День","Gün"
"common.json","shutting-down","Shutting down..","Afskakel..","停工..","बंद हो रहा है..","Mematikan..","シャットダウン中..","종료 중..","Wyłączanie..","Выключение..","Kapatılıyor.."
"common.json","tari-universe","Tari Universe","Tari Heelal","Tari Universe","Tari Universe","Tari Universe","Tari Universe","Tari Universe","Tari Universe","Tari Universe","Tari Universe"
"common.json","testnet","Testnet","Toetsnetwerk","测试网","टेस्टनेट","Testnet","テストネット","테스트넷","Testnet","Тестовая сеть","Testnet"
"common.json","critical-error","Critical error","Critical error","Critical error","गंभीर त्रुटि","Kesalahan kritis","重大なエラー","치명적 오류","Krytyczny błąd","Критическая ошибка","Critical error"
"common.json","please-try-again-later","Please try again later. If the problem persists, please contact us.","Please try again later. If the problem persists, please contact us.","Please try again later. If the problem persists, please contact us.","कृपया बाद में पुनः प्रयास करें। यदि समस्या बनी रहती है, तो कृपया हमसे संपर्क करें।","Silakan coba lagi nanti. Jika masalah berlanjut, silakan hubungi kami.","後でもう一度お試しください。問題が続く場合は、お問い合わせください。","나중에 다시 시도해 주세요. 문제가 계속되면 저희에게 연락해 주세요.","Spróbuj ponownie później. Jeśli problem będzie się powtarzał, skontaktuj się z nami.","Пожалуйста, попробуйте позже. Если проблема сохраняется, свяжитесь с нами.","Please try again later. If the problem persists, please contact us."
"common.json","close-tari-universe","Close Tari Universe","Close Tari Universe","Close Tari Universe","Tari Universe बंद करें","Tutup Tari Universe","Tari Universeを閉じる","Tari Universe 닫기","Zamknij Tari Universe","Закрыть Tari Universe","Close Tari Universe"
"airdrop.json","airdropGame","Testnet Rewards","Airdrop Speletjie","空投游戏","एयरड्रॉप गेम","Permainan Airdrop","エアドロップゲーム","에어드롭 게임","Gra Airdrop","Игра Airdrop","Airdrop Oyunu"
"airdrop.json","loginButton","Log in to claim gems","Meld aan om edelstene te eis","登录以领取宝石","रत्नों का दावा करने के लिए लॉग इन करें","Masuk untuk mengklaim permata","ログインしてジェムを獲得","로그인하여 보석 받기","Log in to claim gems","Войдите, чтобы получить гемы","Mücevherleri talep etmek için giriş yapın"
"airdrop.json","logout","Logout","Teken uit","登出","लॉगआउट","Keluar","ログアウト","로그아웃","Logout","Выйти","Çıkış"
"airdrop.json","referral","Invite a friend","Nooi ""n vriend","邀请朋友","एक मित्र को आमंत्रित करें","Undang teman","友達を招待","친구 초대","Zaproś znajomego","Пригласить друга","Arkadaşlarını davet et"
"airdrop.json","unclaimedGems","Unclaimed Gems","Ongeëisde Edelstene","未领取的宝石","अदावा किए गए रत्न","Permata yang Belum Diklaim","未請求のジェム","미수령 보석","Nieodebrane klejnoty","Неполученные гемы","Talep Edilmemiş Taşlar"
"airdrop.json","inviteFirends","Invite Friends","Nooi Vriende","邀请朋友","मित्रों को आमंत्रित करें","Undang Teman","友達を招待","친구 초대","Zaproś znajomych","Пригласить друзей","Arkadaşları Davet Et"
"airdrop.json","inviteFriendsText","Copy link and share it","Kopieer skakel en deel dit","复制链接并分享","लिंक कॉपी करें और साझा करें","Salin tautan dan bagikan","リンクをコピーして共有する","링크를 복사하여 공유하세요","Skopiuj link i udostępnij go","Скопируйте ссылку и поделитесь ею","Bağlantıyı kopyalayın ve paylaşın"
"airdrop.json","invitedAmount","You’ve invited <span>{{count}}</span> friends","U het <span>{{count}}</span> vriende genooi","您已邀请<span>{{count}}</span>位朋友","आपने <span>{{count}}</span> मित्रों को आमंत्रित किया है","Anda telah mengundang <span>{{count}}</span> teman","あなたは<span>{{count}}</span>人の友達を招待しました","당신은 <span>{{count}}</span>명의 친구를 초대했습니다","Zaprosiłeś <span>{{count}}</span> znajomych","Вы пригласили <span>{{count}}</span> друзей","<span>{{count}}</span> arkadaş davet ettiniz"
"airdrop.json","nextTierBonus","Invite <strong>{{count}} friends</strong> & earn {{bonusGems}} bonus gems","Nooi <strong>{{count}} vriende</strong> & verdien {{bonusGems}} bonus edelstene","邀请<strong>{{count}}位朋友</strong>并赚取{{bonusGems}}个奖励宝石","<strong>{{count}} मित्रों</strong> को आमंत्रित करें और {{bonusGems}} बोनस रत्न कमाएं","Undang <strong>{{count}} teman</strong> & dapatkan {{bonusGems}} permata bonus","<strong>{{count}}人の友達</strong>を招待して、{{bonusGems}}ボーナスジェムを獲得","<strong>{{count}}명의 친구</strong>를 초대하고 {{bonusGems}}개의 보너스 보석을 받으세요","Zaproś <strong>{{count}} znajomych</strong> i zdobądź {{bonusGems}} dodatkowych klejnotów","Пригласите <strong>{{count}} друзей</strong> и получите {{bonusGems}} бонусных гемов","<strong>{{count}} arkadaş</strong> davet et ve {{bonusGems}} bonus taş kazan"
"airdrop.json","claimGems","Claim Gems","Eis Edelstene","领取宝石","रत्नों का दावा करें","Klaim Permata","ジェムを請求","보석 받기","Odbierz klejnoty","Получить гемы","Taşları Talep Et"
"airdrop.json","doLater","I'll do this later","Ek sal dit later doen","我稍后再做","मैं इसे बाद में करूंगा","Saya akan melakukannya nanti","後で行います","나중에 할게요","Zrobię to później","Я сделаю это позже","Bunu daha sonra yapacağım"
"airdrop.json","linkCopied","Link copied!","Skakel gekopieer!","链接已复制！","लिंक कॉपी किया गया!","Tautan disalin!","リンクがコピーされました！","링크가 복사되었습니다!","Link skopiowany!","Ссылка скопирована!","Bağlantı kopyalandı!"
"airdrop.json","giftReferralCodeHeader","Claim your referral code <span>{{gems}}<image src='/assets/images/gem.png' alt=''/></span> gems.","Eis u verwysingskode <span>{{gems}}<image src=""/assets/images/gem.png"" alt=""""/></span> edelstene.","领取您的推荐码<span>{{gems}}<image src=""/assets/images/gem.png"" alt=""""/></span>宝石。","अपना रेफरल कोड <span>{{gems}}<image src=""/assets/images/gem.png"" alt=""""/></span> रत्नों का दावा करें।","Klaim kode referensi Anda <span>{{gems}}<image src=""/assets/images/gem.png"" alt=""""/></span> permata.","紹介コードを請求して<span>{{gems}}<image src=""/assets/images/gem.png"" alt=""""/></span>ジェムを獲得。","추천 코드를 사용하여 <span>{{gems}}<image src=""/assets/images/gem.png"" alt=""""/></span> 보석을 받으세요.","Odbierz swój kod polecający <span>{{gems}}<image src=""/assets/images/gem.png"" alt=""""/></span> klejnotów.","Получите ваш реферальный код <span>{{gems}}<image src=""/assets/images/gem.png"" alt=""""/></span> гемов.","Referans kodunuzu talep edin <span>{{gems}}<image src=""/assets/images/gem.png"" alt=""""/></span> taş."
"airdrop.json","claimReferralCode","Claim your referral code <span>{{gems}}<image src='/assets/images/gem.png' alt=''/></span> gems.","Eis u verwysingskode <span>{{gems}}<image src=""/assets/images/gem.png"" alt=""""/></span> edelstene.","领取您的推荐码<span>{{gems}}<image src=""/assets/images/gem.png"" alt=""""/></span>宝石。","अपना रेफरल कोड <span>{{gems}}<image src=""/assets/images/gem.png"" alt=""""/></span> रत्नों का दावा करें।","Klaim kode referensi Anda <span>{{gems}}<image src=""/assets/images/gem.png"" alt=""""/></span> permata.","紹介コードを請求して<span>{{gems}}<image src=""/assets/images/gem.png"" alt=""""/></span>ジェムを獲得。","추천 코드를 사용하여 <span>{{gems}}<image src=""/assets/images/gem.png"" alt=""""/></span> 보석을 받으세요.","Odbierz swój kod polecający <span>{{gems}}<image src=""/assets/images/gem.png"" alt=""""/></span> klejnotów.","Получите ваш реферальный код <span>{{gems}}<image src=""/assets/images/gem.png"" alt=""""/></span> гемов.","Referans kodunuzu talep edin <span>{{gems}}<image src=""/assets/images/gem.png"" alt=""""/></span> taş."
"airdrop.json","claimReferralGifts","Claim your referral code and earn {{gems}} gems. Once you connect your account, you’ll be awarded your gems.","Eis u verwysingskode en verdien {{gems}} edelstene. Sodra u u rekening koppel, sal u u edelstene ontvang.","领取您的推荐码并赚取{{gems}}个宝石。一旦您连接账户，您将获得宝石。","अपना रेफरल कोड का दावा करें और {{gems}} रत्न कमाएं। एक बार जब आप अपना खाता कनेक्ट कर लेते हैं, तो आपको आपके रत्न प्रदान किए जाएंगे।","Klaim kode referensi Anda dan dapatkan {{gems}} permata. Setelah Anda menghubungkan akun Anda, Anda akan mendapatkan permata Anda.","紹介コードを請求して{{gems}}ジェムを獲得。アカウントを接続すると、ジェムが付与されます。","추천 코드를 사용하여 {{gems}}개의 보석을 받으세요. 계정을 연결하면 보석이 지급됩니다.","Odbierz swój kod polecający i zdobądź {{gems}} klejnotów. Po połączeniu konta otrzymasz swoje klejnoty.","Получите ваш реферальный код и заработайте {{gems}} гемов. Как только вы подключите свой аккаунт, вы получите свои гемы.","Referans kodunuzu talep edin ve {{gems}} taş kazanın. Hesabınızı bağladığınızda taşlarınız verilecektir."
"airdrop.json","giftReferralCode","Earn {{gems}} gems for each friend you invite to Tari Universe. Once they connect their account, you’ll be awarded your gems.","Verdien {{gems}} edelstene vir elke vriend wat u na Tari Heelal nooi. Sodra hulle hul rekening koppel, sal u u edelstene ontvang.","每邀请一位朋友加入Tari Universe，您将获得{{gems}}个宝石。一旦他们连接账户，您将获得宝石。","Tari Universe में आमंत्रित प्रत्येक मित्र के लिए {{gems}} रत्न कमाएं। एक बार जब वे अपना खाता कनेक्ट कर लेते हैं, तो आपको आपके रत्न प्रदान किए जाएंगे।","Dapatkan {{gems}} permata untuk setiap teman yang Anda undang ke Tari Universe. Setelah mereka menghubungkan akun mereka, Anda akan mendapatkan permata Anda.","Tari Universeに招待した友達ごとに{{gems}}ジェムを獲得。彼らがアカウントを接続すると、ジェムが付与されます。","Tari Universe에 친구를 초대할 때마다 {{gems}}개의 보석을 받으세요. 그들이 계정을 연결하면 보석이 지급됩니다.","Zdobądź {{gems}} klejnotów za każdego znajomego, którego zaprosisz do Tari Universe. Po połączeniu ich konta otrzymasz swoje klejnoty.","Заработайте {{gems}} гемов за каждого друга, которого вы пригласите в Tari Universe. Как только они подключат свой аккаунт, вы получите свои гемы.","Tari Universe""e davet ettiğiniz her arkadaş için {{gems}} taş kazanın. Onlar hesaplarını bağladığında taşlarınız verilecektir."
"airdrop.json","permissionNoGems.title","Make Tari Universe better","Maak Tari Heelal beter","让 Tari Universe 更好","Tari Universe को बेहतर बनाएं","Buat Tari Universe lebih baik","Tari Universeをより良くする","Tari Universe를 더 좋게 만들기","Ulepsz Tari Universe","Сделайте Tari Universe лучше","Tari Universe'ü daha iyi hale getirin"
"airdrop.json","permissionNoGems.text","Tari Universe would like to use analytics to improve your experience.","Tari Heelal wil graag analise gebruik om u ervaring te verbeter.","Tari Universe 希望使用分析数据来改善您的体验。","Tari Universe आपके अनुभव को बेहतर बनाने के लिए विश्लेषण का उपयोग करना चाहता है।","Tari Universe ingin menggunakan analitik untuk meningkatkan pengalaman Anda.","Tari Universeは、あなたの体験を向上させるために分析を使用したいと考えています。","Tari Universe는 귀하의 경험을 개선하기 위해 분석을 사용하고자 합니다.","Tari Universe chciałoby używać analityki, aby poprawić Twoje doświadczenia.","Tari Universe хочет использовать аналитику для улучшения вашего опыта.","Tari Universe, deneyiminizi iyileştirmek için analizleri kullanmak ister."
"airdrop.json","permission.title","Earn Gems & make Tari Universe better","Verdien Edelstene & maak Tari Heelal beter","赚取宝石并让 Tari Universe 更好","रत्न कमाएं और Tari Universe को बेहतर बनाएं","Dapatkan Permata & buat Tari Universe lebih baik","ジェムを獲得してTari Universeをより良くする","보석을 얻고 Tari Universe를 더 좋게 만들기","Earn Gems & make Tari Universe better","Зарабатывайте гемы и улучшайте Tari Universe","Mücevherler kazanın ve Tari Universe'ü daha iyi hale getirin"
"airdrop.json","permission.text","Tari Universe would like to use analytics to improve your experience and reward you with gems for mining.","Tari Heelal wil graag analise gebruik om u ervaring te verbeter en u met edelstene vir mynbou te beloon.","Tari Universe 希望使用分析数据来改善您的体验，并通过挖矿奖励您宝石。","Tari Universe आपके अनुभव को बेहतर बनाने और माइनिंग के लिए आपको रत्नों से पुरस्कृत करने के लिए विश्लेषण का उपयोग करना चाहता है।","Tari Universe ingin menggunakan analitik untuk meningkatkan pengalaman Anda dan memberi Anda hadiah dengan permata untuk menambang.","Tari Universeは、あなたの体験を向上させ、マイニングでジェムを報酬として提供するために分析を使用したいと考えています。","Tari Universe는 귀하의 경험을 개선하고 채굴에 대한 보상으로 보석을 제공하기 위해 분석을 사용하고자 합니다.","Tari Universe would like to use analytics to improve your experience and reward you with gems for mining.","Tari Universe хочет использовать аналитику для улучшения вашего опыта и вознаграждать вас гемами за майнинг.","Tari Universe, deneyiminizi iyileştirmek ve sizi madencilik için mücevherlerle ödüllendirmek için analizleri kullanmak istiyor."
"airdrop.json","claimModalTitle","EARN REWARDS FOR MINING ON TESTNET","Verdien belonings vir Mynbou op Toetsnetwerk","在测试网挖矿赚取奖励","टेस्टनेट पर माइनिंग के लिए पुरस्कार कमाएं","Dapatkan hadiah untuk Menambang di Testnet","テストネットでのマイニングで報酬を獲得","테스트넷에서 채굴하여 보상을 받으세요","Zarabiaj nagrody za wydobycie na Testnecie","Зарабатывайте награды за майнинг в тестовой сети","Testnet""te Madencilik Yaparak Ödüller Kazanın"
"airdrop.json","claimModalText","Earn gems by mining and referring friends! The more gems you earn, the larger your Tari airdrop! Have a referral code? Enter it below and earn <strong>{{gems}} bonus gems!</strong>","Verdien edelstene deur te myn en vriende te verwys om u airdrop-belonings tydens die toetsnetwerk te verhoog! Het u ""n verwysingskode? Voer dit hieronder in en verdien ""n bykomende <strong>{{gems}}</strong> edelstene vir u en u vriend!","通过挖矿和推荐朋友在测试网期间增加您的空投奖励！有推荐码吗？在下方输入并为您和您的朋友额外赚取<strong>{{gems}}</strong>个宝石！","टेस्टनेट के दौरान अपने एयरड्रॉप पुरस्कार को बढ़ाने के लिए माइनिंग और मित्रों को संदर्भित करके रत्न कमाएं! क्या आपके पास एक रेफरल कोड है? इसे नीचे दर्ज करें और अपने और अपने मित्र के लिए अतिरिक्त <strong>{{gems}}</strong> रत्न कमाएं!","Dapatkan permata dengan menambang dan merujuk teman untuk meningkatkan hadiah airdrop Anda selama testnet! Punya kode referensi? Masukkan di bawah ini dan dapatkan tambahan <strong>{{gems}}</strong> permata untuk Anda dan teman Anda!","テストネット中にマイニングと友達紹介でジェムを獲得し、エアドロップ報酬を増やしましょう！紹介コードがありますか？以下に入力して、あなたと友達に追加の<strong>{{gems}}</strong>ジェムを獲得しましょう！","테스트넷 동안 채굴하고 친구를 추천하여 에어드롭 보상을 늘리세요! 추천 코드가 있나요? 아래에 입력하고 추가로 <strong>{{gems}}</strong>개의 보석을 당신과 친구에게 받으세요!","Zarabiaj klejnoty poprzez wydobycie i polecanie znajomych, aby zwiększyć swoją nagrodę airdrop podczas testnetu! Masz kod polecający? Wpisz go poniżej i zdobądź dodatkowe <strong>{{gems}}</strong> klejnotów dla siebie i swojego znajomego!","Зарабатывайте гемы, майня и приглашая друзей, чтобы увеличить свою награду за airdrop в тестовой сети! У вас есть реферальный код? Введите его ниже и получите дополнительные <strong>{{gems}}</strong> гемов для вас и вашего друга!","Testnet sırasında madencilik yaparak ve arkadaşlarınızı davet ederek airdrop ödülünüzü artırın! Bir referans kodunuz var mı? Aşağıya girin ve siz ve arkadaşınız için ek <strong>{{gems}}</strong> taş kazanın!"
"airdrop.json","claimModalFieldLabel","Optional","Opsioneel","可选","वैकल्पिक","Opsional","任意","선택 사항","Opcjonalne","Необязательно","İsteğe Bağlı"
"airdrop.json","claimModalFieldPlaceholder","Enter invite code","Voer verwysingskode in","输入推荐码","रेफरल कोड दर्ज करें","Masukkan kode referensi","紹介コードを入力","추천 코드 입력","Wpisz kod polecający","Введите реферальный код","Referans kodunu girin"
"airdrop.json","claimModalFinePrint","<strong>Please note:</strong> claiming gems turns on analytics so we can improve Universe","<strong>Neem asseblief kennis:</strong> die eis van edelstene skakel analise aan sodat ons Universe kan verbeter","<strong>请注意：</strong> 领取宝石会开启分析功能，以便我们改进 Universe","<strong>कृपया ध्यान दें:</strong> रत्नों का दावा करने से विश्लेषण चालू हो जाता है ताकि हम Universe को बेहतर बना सकें","<strong>Harap diperhatikan:</strong> mengklaim permata mengaktifkan analitik sehingga kami dapat meningkatkan Universe","<strong>ご注意ください:</strong> ジェムを請求すると、Universeを改善するために分析が有効になります","<strong>참고:</strong> 보석을 수령하면 분석 기능이 활성화되어 Universe를 개선할 수 있습니다","<strong>Uwaga:</strong> odbieranie klejnotów włącza analitykę, abyśmy mogli ulepszyć Universe","<strong>Обратите внимание:</strong> получение камней включает аналитику, чтобы мы могли улучшить Universe","<strong>Lütfen dikkat:</strong> mücevher talep etmek, Universe""i geliştirebilmemiz için analitiği etkinleştirir"
"airdrop.json","topTooltipTitle","Testnet Rewards","Testnet Belonings","测试网奖励","टेस्टनेट पुरस्कार","Hadiah Testnet","テストネット報酬","테스트넷 보상","Nagrody Testnet","Награды Testnet","Testnet Ödülleri"
"airdrop.json","topTooltipText","Get a Tari Airdrop by collecting gems. The more gems you earn, the larger your airdrop.","Kry ""n Tari Airdrop deur edelstene in te samel. Hoe meer edelstene jy verdien, hoe groter is jou airdrop.","通过收集宝石获得 Tari 空投。你赚取的宝石越多，空投就越大。","रत्नों को इकट्ठा करके एक Tari Airdrop प्राप्त करें। जितने अधिक रत्न आप कमाते हैं, आपका airdrop उतना ही बड़ा होगा।","Dapatkan Airdrop Tari dengan mengumpulkan permata. Semakin banyak permata yang Anda kumpulkan, semakin besar airdrop Anda.","ジェムを集めてTariのエアドロップを獲得しましょう。ジェムを多く集めるほど、エアドロップが大きくなります。","보석을 모아 Tari 에어드롭을 받으세요. 더 많은 보석을 모을수록 더 큰 에어드롭을 받습니다.","Zdobądź Airdrop Tari, zbierając klejnoty. Im więcej klejnotów zdobędziesz, tym większy będzie twój airdrop.","Получите Tari Airdrop, собирая драгоценные камни. Чем больше камней вы заработаете, тем больше будет ваш airdrop.","Mücevher toplayarak bir Tari Airdrop kazanın. Ne kadar çok mücevher kazanırsanız, airdrop""unuz o kadar büyük olur."
"setup-view.json","setting-up","Setting up the Tari truth machine...","Stel Tari waarheidsmasjien op...","正在设置 Tari ...","Tari सत्य मशीन सेट कर रहा है...","Menyiapkan mesin kebenaran Tari...","Tariトゥルースマシンを設定中...","Tari 진실 기계 설정 중...","Konfiguracja Tari truth machine...","Настройка машины правды Tari...","Tari doğruluk makinesi kuruluyor..."
"setup-view.json","this-might-take-a-few-minutes","This might take a few minutes","Hierdie mag 'n paar minute neem","这可能需要几分钟","इसमें कुछ मिनट लग सकते हैं","Ini mungkin memakan waktu beberapa menit","数分かかる場合があります","몇 분 정도 걸릴 수 있습니다","To może zająć kilka minut","Это может занять несколько минут","Bu birkaç dakika sürebilir"
"setup-view.json","dont-worry","Don't worry, next time it won't take as long","Moenie bekommerd wees nie, volgende keer sal dit nie so lank vat nie","别担心，下次不会花这么长时间","चिंता न करें, अगली बार इसमें इतना समय नहीं लगेगा","Jangan khawatir, lain kali tidak akan memakan waktu lama","心配しないでください、次回はそれほど時間がかかりません","걱정 마세요, 다음 번에는 오래 걸리지 않을 것입니다","Nie martw się, następnym razem nie zajmie to tak długo","Не волнуйтесь, в следующий раз это займет меньше времени","Merak etmeyin, bir dahaki sefere bu kadar uzun sürmeyecek"
"setup-view.json","title.starting-up","Starting up","Begin","启动中","शुरू हो रहा है","Memulai","起動中","시작 중","Uruchamianie","Запуск","Başlatılıyor"
"setup-view.json","title.checking-latest-version-gpuminer","Checking for latest version of xtrgpuminer","Bepaal nuutste weergawe van xtrgpuminer","正在检查 xtrgpuminer 的最新版本","xtrgpuminer के नवीनतम संस्करण की जाँच कर रहा है","Memeriksa versi terbaru dari xtrgpuminer","xtrgpuminerの最新バージョンを確認中","xtrgpuminer의 최신 버전 확인 중","Sprawdzanie najnowszej wersji xtrgpuminer","Проверка последней версии xtrgpuminer","xtrgpuminer'in en son sürümü kontrol ediliyor"
"setup-view.json","title.checking-latest-version-node","Checking for latest version of node","Bepaal nuutste weergawe van node","正在检查节点的最新版本","नोड के नवीनतम संस्करण की जाँच कर रहा है","Memeriksa versi terbaru dari node","ノードの最新バージョンを確認中","노드의 최신 버전 확인 중","Sprawdzanie najnowszej wersji węzła","Проверка последней версии узла","Düğümün en son sürümü kontrol ediliyor"
"setup-view.json","title.checking-latest-version-mmproxy","Checking for latest version of mmproxy","Bepaal nuutste weergawe van mmproxy","正在检查 mmproxy 的最新版本","mmproxy के नवीनतम संस्करण की जाँच कर रहा है","Memeriksa versi terbaru dari mmproxy","mmproxyの最新バージョンを確認中","mmproxy의 최신 버전 확인 중","Sprawdzanie najnowszej wersji mmproxy","Проверка последней версии mmproxy","mmproxy'nin son sürümü kontrol ediliyor"
"setup-view.json","title.checking-latest-version-wallet","Checking for latest version of wallet","Bepaal nuutste weergawe van beursie","正在检查钱包的最新版本","वॉलेट के नवीनतम संस्करण की जाँच कर रहा है","Memeriksa versi terbaru dari dompet","ウォレットの最新バージョンを確認中","지갑의 최신 버전 확인 중","Sprawdzanie najnowszej wersji portfela","Проверка последней версии кошелька","Cüzdanın en son sürümü kontrol ediliyor"
"setup-view.json","title.checking-latest-version-xmrig","Checking for latest version of xmrig","Bepaal nuutste weergawe van xmrig","正在检查 xmrig 的最新版本","xmrig के नवीनतम संस्करण की जाँच कर रहा है","Memeriksa versi terbaru dari xmrig","xmrigの最新バージョンを確認中","xmrig의 최신 버전 확인 중","Sprawdzanie najnowszej wersji xmrig","Проверка последней версии xmrig","xmrig'in en son sürümü kontrol ediliyor"
"setup-view.json","title.checking-latest-version-sha-p2pool","Checking for latest version of sha-p2pool","Bepaal nuutste weergawe van sha-p2pool","正在检查 sha-p2pool 的最新版本","sha-p2pool के नवीनतम संस्करण की जाँच कर रहा है","Memeriksa versi terbaru dari sha-p2pool","sha-p2poolの最新バージョンを確認中","sha-p2pool의 최신 버전 확인 중","Sprawdzanie najnowszej wersji sha-p2pool","Проверка последней версии sha-p2pool","sha-p2pool'un en son sürümü kontrol ediliyor"
"setup-view.json","title.waiting-for-wallet","Waiting for wallet","Wag vir beursie","等待钱包","वॉलेट की प्रतीक्षा कर रहा है","Menunggu dompet","ウォレットを待っています","지갑 대기 중","Oczekiwanie na portfel","Ожидание кошелька","Cüzdan bekleniyor"
"setup-view.json","title.waiting-for-node","Waiting for node to sync","Wag vir node om te sinkroniseer","等待节点同步","नोड के सिंक होने की प्रतीक्षा कर रहा है","Menunggu node untuk sinkronisasi","ノードの同期を待っています","노드 동기화 대기 중","Oczekiwanie na synchronizację węzła","Ожидание синхронизации узла","Düğümün senkronize edilmesi bekleniyor"
"setup-view.json","title.preparing-for-initial-sync","Connecting to network peers {{initial_connected_peers}}/{{required_peers}}","Gekoppel aan netwerk nodes {{initial_connected_peers}}/{{required_peers}}","连接到网络节点 {{initial_connected_peers}}/{{required_peers}}","नेटवर्क साथियों से कनेक्ट हो रहा है {{initial_connected_peers}}/{{required_peers}}","Menghubungkan ke rekan jaringan {{initial_connected_peers}}/{{required_peers}}","ネットワークピアに接続中 {{initial_connected_peers}}/{{required_peers}}","네트워크 피어에 연결 중 {{initial_connected_peers}}/{{required_peers}}","Łączenie się z urządzeniami równorzędnymi w sieci {{initial_connected_peers}}/{{required_peers}}","Подключение к узлам сети {{initial_connected_peers}}/{{required_peers}}","İlk senkronizasyon için hazırlanıyor {{initial_connected_peers}}/{{required_peers}}"
"setup-view.json","title.starting-mmproxy","Starting merge mining proxy","Begin mmproxy","启动合并挖矿代理","मर्ज माइनिंग प्रॉक्सी शुरू हो रहा है","Memulai proxy penambangan gabungan","マージマイニングプロキシを開始しています","병합 채굴 프록시 시작 중","Uruchamianie mmproxy","Запуск прокси для объединенного майнинга","Merge mining proxy'sini başlatılıyor"
"setup-view.json","title.starting-p2pool","Starting P2Pool","Begin P2Pool","启动 P2Pool","P2Pool शुरू हो रहा है","Memulai P2Pool","P2Poolを開始しています","P2Pool 시작 중","Uruchamianie P2Pool","Запуск P2Pool","P2Pool başlatılıyor"
"setup-view.json","title.application-started","Applications started","Toepassings het begin","应用程序已启动","एप्लिकेशन शुरू हो गए हैं","Aplikasi dimulai","アプリケーションが開始されました","애플리케이션 시작됨","Aplikacje uruchomione","Приложения запущены","Uygulamalar başladı"
"setup-view.json","title.downloading","Downloading","Besig om af te laai","下载中","डाउनलोड हो रहा है","Mengunduh","ダウンロード中","다운로드 중","Pobieranie","Загрузка","İndiriliyor"
"setup-view.json","title.download-completed","Download completed","Aflaai voltooi","下载完成","डाउनलोड पूरा हुआ","Unduhan selesai","ダウンロードが完了しました","다운로드 완료","Pobieranie zakończone","Загрузка завершена","İndirme tamamlandı"
"setup-view.json","title.waiting-for-header-sync","Waiting for header sync. {{local_height}}/{{tip_height}} headers synced","Wag vir kopkopsinchronisasie. {{local_height}}/{{tip_height}} gesinchroniseer","等待头同步。{{local_height}}/{{tip_height}} 个头已同步","हेडर सिंक की प्रतीक्षा कर रहा है। {{local_height}}/{{tip_height}} हेडर सिंक हो गए हैं","Menunggu sinkronisasi header. {{local_height}}/{{tip_height}} header tersinkronisasi","ヘッダー同期を待っています。{{local_height}}/{{tip_height}} ヘッダーが同期されました","헤더 동기화 대기 중. {{local_height}}/{{tip_height}} 헤더 동기화됨","Oczekiwanie na synchronizację nagłówków. {{local_height}}/{{tip_height}} zsynchronizowano","Ожидание синхронизации заголовков. Синхронизировано {{local_height}}/{{tip_height}} заголовков","Üstbilgi senkronizasyonu bekleniyor. {{local_height}}/{{tip_height}} üstbilgiler senkronize edildi"
"setup-view.json","title.waiting-for-block-sync","Waiting for block sync. {{local_height}}/{{tip_height}} blocks synced","Wag vir bloksinchronisasie. {{local_height}}/{{tip_height}} gesinchroniseer","等待区块同步。{{local_height}}/{{tip_height}} 个区块已同步","ब्लॉक सिंक की प्रतीक्षा कर रहा है। {{local_height}}/{{tip_height}} ब्लॉक सिंक हो गए हैं","Menunggu sinkronisasi blok. {{local_height}}/{{tip_height}} blok tersinkronisasi","ブロック同期を待っています。{{local_height}}/{{tip_height}} ブロックが同期されました","블록 동기화 대기 중. {{local_height}}/{{tip_height}} 블록 동기화됨","Oczekiwanie na synchronizację bloków. {{local_height}}/{{tip_height}} zsynchronizowano","Ожидание синхронизации блоков. Синхронизировано {{local_height}}/{{tip_height}} блоков","Blok senkronize için bekleniyor. {{local_height}}/{{tip_height}} bloklar senkronize edildi"
"setup-view.json","new-tari-version-available","A new version of Tari Universe is available!","'n Nuwe weergawe van Tari Universe is beskikbaar","有新版本的 Tari Universe 可用！","Tari Universe का एक नया संस्करण उपलब्ध है!","Versi baru dari Tari Universe tersedia!","Tari Universeの新しいバージョンが利用可能です！","Tari Universe의 새 버전이 출시되었습니다!","Nowa wersja Tari Universe jest dostępna!","Доступна новая версия Tari Universe!","Tari Universe'ün yeni sürümü var!"
"setup-view.json","would-you-like-to-install","Would you like to install Tari Universe {{version}} now?","Wil jy nou Tari Universe {{version}} installeer?","您想现在安装 Tari Universe {{version}} 吗？","क्या आप अब Tari Universe {{version}} स्थापित करना चाहेंगे?","Apakah Anda ingin menginstal Tari Universe {{version}} sekarang?","Tari Universe {{version}} を今すぐインストールしますか？","지금 Tari Universe {{version}}을(를) 설치하시겠습니까?","Czy chciałbys zainstalować Tari Universe {{version}} teraz?","Хотите установить Tari Universe {{version}} сейчас?","Tari Universe'ü şimdi yüklemek ister misiniz {{version}} ?"
"setup-view.json","yes","Yes","Ja","是","हाँ","Ya","はい","예","Tak","Да","Evet"
"setup-view.json","no","No","Nee","否","नहीं","Tidak","いいえ","아니요","Nie","Нет","Hayır"
"tribes-view.json","title","Squad view","Stamme-sig","部落的观点","स्क्वाड दृश्य","Tampilan Squad","スクワッドビュー","스쿼드 보기","widok plemion","Просмотр команды","Kabile görünümü"
"components.json","field-error-message.invalid","Field invalid","Veld ongeldig","字段无效","फ़ील्ड अमान्य","Kolom tidak valid","フィールドが無効です","잘못된 필드","Nieprawidłowe pole","Поле недействительно","Alan geçersiz"
"components.json","field-error-message.required","Field required","Veld benodig","必填字段","फ़ील्ड आवश्यक","Kolom diperlukan","フィールドが必要です","필수 필드","Pole wymagane","Поле обязательно","Alan gerekli"
"components.json","field-error-message.password-too-short","Password must have at least 8 characters","Wagwoord moet ten minste 8 karakters hê","密码必须至少包含 8 个字符","पासवर्ड में कम से कम 8 वर्ण होने चाहिए","Kata sandi harus memiliki setidaknya 8 karakter","パスワードは8文字以上でなければなりません","비밀번호는 최소 8자 이상이어야 합니다","Hasło musi mieć co najmniej 8 znaków","Пароль должен содержать не менее 8 символов","Şifre en az 8 karakterden oluşmalıdır"
"components.json","field-error-message.invalid-url","Must be a valid URL address","Moet 'n geldige URL-adres wees","必须是有效的链接","एक मान्य URL पता होना चाहिए","Harus berupa alamat URL yang valid","有効なURLアドレスでなければなりません","유효한 URL 주소여야 합니다","Musisz podać poprawny adres URL","Должен быть действительный URL-адрес","Geçerli bir URL adresi olmalıdır"
"components.json","field-error-message.invalid-email","Enter a valid email address","Voer 'n geldige e-posadres in","输入有效的电子邮件地址","एक मान्य ईमेल पता दर्ज करें","Masukkan alamat email yang valid","有効なメールアドレスを入力してください","유효한 이메일 주소를 입력하세요","Podaj poprawny adres e-mail","Введите действительный адрес электронной почты","Geçerli bir e-posta adresi girin"
"components.json","field-error-message.invalid-date","Date is invalid","Datum is ongeldig","日期无效","तारीख अमान्य है","Tanggal tidak valid","日付が無効です","잘못된 날짜","Data jest nieprawidłowa","Дата недействительна","Geçersiz tarih"
"components.json","field-error-message.integers-only","Only Integers Allowed","Slegs heelgetalle toegelaat","只允许整数","केवल पूर्णांक की अनुमति है","Hanya bilangan bulat yang diizinkan","整数のみ許可されます","정수만 허용됨","Dozwolone są tylko liczby całkowite","Допускаются только целые числа","Sadece Tamsayılara İzin Verilir"
